refId,name,birth_day,born,passport
378217,A. Guzmán,,170,170
385011,S. Bennett,,826,826
385544,H. Osmers,1985-01-28,276,276
383894,F. Assmuth,1977-12-20,276,276
385800,F. Hebrard,,250,250
385015,Javier Aguilar,,724,724
395082,Víctor Pérez,1984-12-28,724,724
395056,Alfonso Álvarez,1972-09-12,724,724
380678,Abdulrahman Al Jassim,,634,634
381835,G. Winkmann,1973-11-27,276,276
385997,N. Hopton,,826,826
408156,G. Scott,,826,826
382685,J. Fletcher,1976-09-10,124,124
385514,C. Mugnier,,250,250
385917,S. Long,,826,826
385495,F. Batta,1980-06-14,250,250
384961,Javier Estrada,1976-01-27,724,724
385794,N. Henninot,1977-04-10,250,250
518503,V. Vecchi,,380,380
381853,L. Mason,1971-10-29,826,826
395306,Carlos Álvarez,1990-07-16,724,724
384628,S. De Almeida,,756,756
386322,A. Drouet,,250,250
379365,M. Annonier,1972-06-18,250,250
407046,M. Conger,1978-10-11,554,554
457401,V. Colarossi,1984-06-13,380,380
380599,A. Faghani,1978-03-21,364,364
385483,J. Hamel,1980-10-11,250,250
393612,V. Marini,1982-09-13,380,380
394375,A. Baert,,250,250
379359,T. Stieler,1981-07-02,276,276
379551,H. Lennard,,826,826
385519,T. Bouille,,250,250
383898,M. Jöllenbeck,,276,276
385532,P. Gaillouste,,250,250
386316,M. Rahmouni,,250,250
388419,C. La Rocca,,380,380
379010,S. Lapochkin,1981-04-28,643,643
411252,A. Etchiali,1981-06-27,12,12
388412,G. Paganessi,,380,380
385956,O. Langford,,826,826
388342,C. Mouysset,,250,250
380595,Yaser Tulefat,1974-06-24,48,48
388413,V. Fiorito,1976-07-30,380,380
378951,C. Pawson,,826,826
386315,E. Wattellier,,250,250
395058,Enrique Ramos,,724,724
393558,S. Alassio,,380,380
385733,A. Holmes,,826,826
386594,N. Davies,,826,826
385745,C. Sarginson,,826,826
457079,Alberto Fuente,1986-10-11,724,724
390525,M. Leleu,1983-09-06,250,250
557187,J. Seidel,1984-10-10,276,276
379378,P. Ittrich,1979-01-03,276,276
395201,Luis Collado,1984-01-24,724,724
420845,Borja Martínez,1993-09-16,724,724
378954,M. Thomsen,1985-10-01,276,276
458270,M. Scarpa,,380,380
385481,O. Thual,1976-07-24,250,250
385546,R. Rohde,1980-09-10,276,276
385513,R. Lissorgue,1991-06-23,250,250
384938,T. Ongun,1973-02-03,792,792
384952,F. Zwayer,1981-05-19,276,276
388361,P. Alt,1985-02-24,276,276
385510,S. Frappart,1983-12-14,250,250
386297,B. Bastien,1983-04-17,250,250
377253,M. Irrati,1979-06-27,380,380
384946,Antonio Mateu,1977-03-12,724,724
387273,F. Willenborg,1979-02-10,276,276
385911,A. Marriner,1971-01-01,826,826
396785,N. Baroni,1983-05-06,380,380
377256,M. Di Bello,1981-07-17,380,380
398916,Alfonso Baena,,724,724
385473,Ignacio Iglesias,1975-06-01,724,724
398196,Mohamed Abdulla Hassan Mohd,,784,784
395069,Juan Barranco,,724,724
395169,Miguel Ortiz,1984-11-23,724,724
385548,S. Waschitzki,,276,276
420139,D. Rocca,1984-02-25,380,380
377233,A. Damato,1972-08-15,380,380
380889,J. Pitti,,591,591
398962,Rubén Ruipérez,1991-01-04,724,724
377261,F. La Penna,1983-08-07,380,380
384920,M. Jug,1980-09-25,705,705
457142,J. Pitty,,591,591
384943,S. Vinčić,1979-11-25,705,705
385910,R. West,1975-02-25,826,826
383493,C. Gittelmann,1983-02-12,276,276
420893,Mohamed Massat,1994-01-30,724,724
385501,M. Grosbost,1978-02-19,250,250
384917,W. Collum,1979-01-18,1002,1002
395195,Miguel Bosch,1980-12-23,724,724
383355,L. Koslowski,,276,276
395217,Iosu Galech,1990-12-12,724,724
381832,José Fernández,1976-03-12,724,724
395178,Francisco Fernández,1985-05-12,724,724
379388,Carlos Del Cerro,1976-03-13,724,724
395326,Francisco Miralles,1987-01-24,724,724
384962,Pau Cebrián,,724,724
385919,M. Scholes,,826,826
378232,A. Cunha,1976-09-08,858,858
384376,M. Klasenius,1975-04-25,752,752
381828,A. Averianov,1973-01-31,643,643
384982,S. Karasev,1979-06-12,643,643
385523,F. Benchabane,1989-08-24,250,250
381843,F. Schneider,1979-05-11,250,250
377246,F. Pasqua,1982-11-07,380,380
395083,Iván González,1981-09-01,724,724
395104,Leandro Carbajales,1991-06-16,724,724
385705,P. Tierney,,826,826
456269,N. Hauata,1979-06-08,1012,1012
377269,I. Pezzuto,1984-02-13,380,380
379461,A. Giallatini,,380,380
377215,B. Kuipers,1973-03-28,528,528
383886,S. Lupp,1978-09-09,276,276
518502,D. Imperiale,,380,380
378977,H. Zakrani,1979-09-04,250,250
381933,M. Zürcher,,756,756
395085,José Sánchez,1983-10-03,724,724
384980,M. Ristić,1974-05-01,688,688
379019,Teodoro Sobrino,,724,724
377209,N. Rizzoli,1971-10-05,380,380
393623,G. Colella,,380,380
395408,Álvaro Varón,1993-10-30,724,724
395331,Alexander González,1988-12-09,724,724
395267,César Díez,1985-05-02,724,724
395099,Alexis Pulido,1986-07-08,724,724
395351,Josep Subirats,1986-02-28,724,724
395402,Rafael Sánchez,1991-01-29,724,724
396648,P. Dei Giudici,1980-09-27,380,380
384995,C. Çakιr,1976-11-23,792,792
384973,D. Aytekin,1978-07-21,276,276
388405,G. Vuoto,,380,380
396657,L. Mondin,,380,380
505545,P. Capaldo,,380,380
386719,T. Robinson,,826,826
388415,A. Tegoni,1979-12-25,380,380
385814,M. Emmer,1971-02-22,276,276
385791,H. Ocak,1981-05-16,250,250
379444,S. Stegemann,1984-12-06,276,276
479882,Adrián Martínez,,724,724
377271,R. Abisso,1985-11-22,380,380
381858,B. Brand,1989-07-10,276,276
387276,S. Jablonski,1990-04-13,276,276
420591,José Pardeiro,1988-07-21,724,724
385712,P. Bankes,,826,826
393624,A. Rapuano,1985-04-10,380,380
531809,Inmaculada Prieto Martínez,1993-04-19,724,724
383336,B. Cortus,1981-12-13,276,276
378994,Juan Martínez,1982-07-13,724,724
383902,S. Storks,,276,276
395105,Fernando Tresaco,,724,724
377244,D. Doveri,1977-12-10,380,380
407901,B. Gassama,1979-02-10,270,270
381854,Santiago Jaime,1979-08-11,724,724
395443,José Martínez,1993-11-04,724,724
381894,Ángel Nevado,,724,724
385482,Y. Rouinsard,1975-04-10,250,250
411256,Waleed Ahmed Ali,,729,729
385789,T. Philippe,1974-06-10,250,250
384931,C. Turpin,1982-05-16,250,250
388333,R. East,1965-05-12,826,826
381857,D. Schaal,1985-07-25,276,276
395096,Fernando Bueno,1988-10-03,724,724
396788,L. Pillitteri,1985-02-27,380,380
411262,Ghead Grisha,1976-02-29,818,818
384804,O. Hațegan,1980-07-14,642,642
385537,B. Lepaysant,,250,250
385915,N. Swarbrick,1970-07-27,826,826
385534,J. Stinat,,250,250
399066,P. De Meo,1982-06-15,380,380
385520,A. Kherradji,,250,250
395226,Iván Muñoz,1981-11-20,724,724
388410,S. Longo,,380,380
381849,M. Achmüller,1979-10-17,276,276
378051,N. Pitana,1975-06-17,32,32
380580,A. Rasulov,1976-01-10,860,860
459836,José Guzmán,1995-11-02,724,724
393630,O. Muto,,380,380
379464,M. Vivenzi,,380,380
385527,A. Petit,1987-07-17,250,250
383491,C. Dingert,1980-07-14,276,276
395166,Hugo López,1978-05-16,724,724
456216,S. Massey,1985-10-22,826,826
384889,D. Cann,1969-01-22,826,826
378038,H. Maidana,1972-02-14,32,32
378231,N. Taran,1980-08-27,858,858
384970,L. Manganelli,,380,380
377219,P. Valeri,1974-05-16,380,380
385923,E. Smart,,826,826
378060,J. Belatti,1979-04-15,32,32
377267,D. Chiffi,1984-12-14,380,380
378218,C. de la Cruz,,170,170
395076,Ramón Arias,1978-04-09,724,724
384923,Alberto Undiano,1973-10-08,724,724
395077,Sergio Usón,1983-12-26,724,724
385916,M. Jones,1968-04-18,826,826
384975,G. Dobosz,,380,380
384954,A. Gautier,1977-11-19,250,250
395458,Juan Marmolejo,,724,724
393613,M. Zappatore,,380,380
388360,M. Pelgrim,,276,276
379347,Juan Yuste,1975-09-25,724,724
384806,A. Tudor,1971-09-13,642,642
395302,Jerónimo Montes,1990-07-29,724,724
407503,R. Achik,1972-04-21,504,504
396643,M. Citro,,380,380
395234,Álvaro López,1987-03-12,724,724
395091,José Naranjo,,724,724
379890,C. Rockwell,1974-02-26,840,840
384974,M. Tonolini,,380,380
384808,O. Șovre,1973-07-19,642,642
379380,L. Stien,1973-11-17,250,250
385003,R. Vukan,,705,705
385469,S. Thielert,1980-01-25,276,276
377264,G. Calvarese,1976-02-20,380,380
378113,P. González,,32,32
393636,S. Liberti,,380,380
385909,M. Dean,1968-06-02,826,826
384890,P. Kirkup,1970-08-22,826,826
385486,W. Lavis,1973-08-21,250,250
395092,Sergio Pérez,1983-06-15,724,724
378948,B. Millot,1982-01-10,250,250
407514,E. Samba,,686,686
395379,Albert Catalá,1989-03-19,724,724
420559,Miguel García,1985-04-04,724,724
396780,M. Piccinini,1983-09-29,380,380
385515,C. Dos Santos,,250,250
385484,S. Jochem,1978-09-16,250,250
386732,M. Wilkes,,826,826
407519,Z. Siwela,,710,710
398923,Pablo González,1980-06-08,724,724
384932,M. Mažić,1973-03-23,688,688
384409,D. Wärnmark,1974-12-30,752,752
398936,Rubén Becerril,,724,724
383338,C. Dietz,1984-07-27,276,276
395101,Javier Martínez,,724,724
394731,L. Rossi,1982-07-27,380,380
378950,Alejandro Hernández,1982-11-10,724,724
420679,Daniel Yuste,1986-05-30,724,724
411261,J. Birumushahu,1972-02-13,108,108
381475,J. Aguilar,,558,558
379058,J. Brooks,,826,826
381936,C. Hatzidakis,,826,826
460924,Iván Pablo,,724,724
379587,S. Schärer,1988-06-06,756,756
393462,M. Vernice,,250,250
377231,L. Banti,1974-03-27,380,380
377242,L. Nasca,1977-11-15,380,380
384963,Miguel Martínez,,724,724
395221,Carlos Carbonell,1984-08-03,724,724
457041,M. Roeleveld,,528,528
384933,H. Göçek,1976-11-30,792,792
420812,Víctor García,1994-10-12,724,724
398935,César Noval,,724,724
393614,L. Illuzzi,1983-06-21,380,380
385913,A. Garratt,,826,826
381926,A. Costanzo,,380,380
395307,Xabier Gómez,1988-02-25,724,724
407930,S. Lount,,554,554
381867,S. Klossner,1981-05-30,756,756
384900,T. Schiffner,1975-05-14,276,276
393625,D. Di Iorio,,380,380
378959,M. Passeri,,380,380
395275,Jorge Díaz,1985-01-16,724,724
395316,Sergio Espasandín,1990-01-21,724,724
384987,S. Marciniak,1981-01-07,616,616
388418,R. Di Vuolo,,380,380
459927,M. Schmidt,1973-08-31,276,276
385914,S. Hooper,,826,826
383351,A. Sather,,276,276
385492,S. Denis,1975-05-24,250,250
398913,David Medié,1984-08-24,724,724
384978,S. Beck,1972-05-15,826,826
396652,L. Gori,,380,380
381917,L. Betts,,826,826
395393,Luis Montero,1991-07-15,724,724
395059,José Gallego,1976-08-17,724,724
388409,S. Ranghetti,,380,380
380103,R. Sato,1977-04-16,392,392
395274,Salvador Lax,1991-01-22,724,724
393557,C. Carbone,,380,380
381873,J. Pacelli,,250,250
395078,Ricardo De Burgos,1986-03-16,724,724
383187,V. Toth,1978-03-24,348,348
385554,F. Heft,1990-01-03,276,276
385508,Y. Boutry,,250,250
395171,Alexandre Alemán,1987-06-07,724,724
385543,M. Schüller,1981-07-31,276,276
381841,C. Gringore,,250,250
384373,J. Eriksson,1974-03-28,752,752
395167,Javier Iglesias,1983-04-23,724,724
378256,A. Kulbakov,1979-12-27,112,112
456293,Jerson dos Santos,1983-05-01,24,24
380597,R. Irmatov,1977-08-09,860,860
485237,M. Bresmes,,380,380
459601,M. Lombardi,,380,380
420944,Carlos Fernández,1994-12-20,724,724
379916,J. Mora,,188,188
385521,B. Pages,,250,250
384960,S. Child,1973-08-21,826,826
385525,R. Galibert,,250,250
384916,N. Golubev,1970-11-09,643,643
386325,K. Abed,,250,250
380581,Nawaf Shukralla,1976-10-13,48,48
379140,R. Montero,,188,188
518515,A. Cipressa,,380,380
390509,T. Harrington,,826,826
378145,Marcelo Van Gasse,1976-03-09,76,76
459981,Samir Amar,1993-06-14,724,724
383498,G. Schenone,,380,380
396654,G. Baccini,,380,380
495428,A. Santoro,,380,0
381822,G. Ring,1981-03-18,348,348
381829,T. Kalugin,1974-12-03,643,643
383901,M. Hacker,1974-04-17,276,276
377248,P. Giacomelli,1977-11-06,380,380
378957,B. Dankert,1980-06-09,276,276
384936,M. Gräfe,1973-09-21,276,276
395295,Iván Caparrós,1990-05-02,724,724
395086,Francisco Hernández,1988-08-31,56,724
388346,G. Paradis,,250,250
393620,D. Martinelli,1983-11-04,380,380
420564,Manuel García,1991-01-21,724,724
385549,T. Siewer,1987-07-05,276,276
378169,W. Roldán,1980-01-24,170,170
385793,D. Zitouni,,250,250
380666,M. Mansouri,,364,364
383891,T. Gorniak,1980-07-25,276,276
383201,I. Hussin,,826,826
392649,F. Connor,,1002,1002
388407,F. Meli,,380,380
395089,Óscar Sauleda,1984-11-13,724,724
383361,F. Badstübner,,276,276
388365,J. Neitzel,,276,276
385720,A. Madley,,826,826
377265,D. Minelli,1982-07-09,380,380
377255,E. Abbattista,1982-12-28,380,380
385536,J. Pignard,,250,250
384925,Roberto Alonso,1976-09-18,724,724
383960,Taleb Salem Al Marri,,634,634
385539,W. Delajod,,250,250
388417,A. Lo Cicero,,380,380
384957,David Fernández,1973-05-30,724,724
381848,N. Rainville,1982-03-18,250,250
377249,G. Aureliano,1980-02-29,380,380
378976,A. Delerue,1977-06-06,250,250
381877,S. Burt,,826,826
380642,R. Sokhandan,1974-01-24,364,364
395822,M. Abid Charef,,12,12
407813,T. Bamlak,1980-12-30,231,231
394726,F. Fourneau,1984-07-11,380,380
385472,C. Bandurski,1982-12-22,276,276
395254,José Gallego Gambín,1987-01-20,724,724
378955,E. Beitinger,1983-11-01,276,276
377206,G. Rocchi,1973-08-25,380,380
395074,Pedro Sureda,1979-10-21,724,724
385710,K. Stroud,,826,826
377228,D. Orsato,1975-11-23,380,380
377251,M. Mariani,1982-02-25,380,380
381847,M. Lesage,1975-01-19,250,250
456654,T. Makasini,1976-11-26,776,776
384986,A. Viala,1975-05-01,250,250
383895,A. Blos,1979-05-03,276,276
395103,Iker De Francisco,,724,724
395311,Alejandro Sánchez,1990-02-03,724,724
387968,Francisco Martín,,724,724
378204,Sandro Ricci,1974-11-19,76,76
395107,Ibai Rezola,1991-08-10,724,724
381595,J. Marrufo,1977-06-17,840,840
390533,N. Grudzinski,1977-05-12,276,276
379381,S. Moreira,1977-05-27,250,250
398961,José Alcoba,,724,724
395102,Aitor Villate,,724,724
377260,F. Paolo Saia,1985-02-05,380,380
395176,Raúl Chavet,1980-12-14,724,724
381481,F. Anderson,1975-11-11,840,840
379443,R. Madley,1985-10-06,826,826
386027,J. Linington,,826,826
380659,Mohamed Ahmed Yousuf Al Hammadi,,784,784
377254,C. Gavillucci,1979-08-03,380,380
386718,A. Nunn,,826,826
398931,José Munuera,1984-05-19,724,724
395372,Pere Barceló,1984-05-15,724,724
380638,Mohammed Abdulla Hassan Mohammed,,784,784
460026,S. Desiage,1974-02-04,250,250
385489,F. Aubin,1978-09-18,250,250
385496,T. Léonard,1981-08-28,250,250
377247,D. Massa,1981-07-15,380,380
393634,A. Balice,1984-09-17,380,380
383893,T. Gerach,1986-11-30,276,276
383490,R. Hartmann,1979-09-08,276,276
385718,D. Coote,,826,826
384929,E. Zeinstra,1977-01-31,528,528
398919,Daniel Trujillo,1983-01-15,724,724
395235,Ricardo Escudero,1984-11-25,724,724
395391,Francisco Sáez,1985-10-23,724,724
420863,Francisco Alonso,,724,724
384894,S. Lannoy,1969-09-18,250,250
398956,Iñigo Prieto,,724,724
378240,J. Zorrilla,,600,600
380885,J. Zumba,1982-09-19,222,222
378970,M. Petersen,1985-02-28,276,276
383061,P. Kralovec,1977-08-16,203,203
381927,Jesús Gil,1984-02-04,724,724
384981,T. Listkiewicz,,616,616
381878,P. Jeanne,1980-11-11,250,250
395250,Aimar Velasco,1988-11-18,724,724
385551,R. Schröder,1985-09-14,276,276
395067,Sebastián Ripoll,1979-01-28,724,724
377210,P. Tagliavento,1972-09-19,380,380
393592,V. Mastrodonato,,380,380
395072,Alfonso Costoya,,724,724
395257,Guillermo Conejero,1988-07-25,724,724
393622,M. Serra,1982-09-09,380,380
378956,R. Foltyn,1985-06-21,276,276
388408,G. Tasso,,380,380
395084,Fernando Román,1988-02-23,724,724
384148,M. Hernández,1977-06-18,484,484
407714,R. Delpech,1979-12-21,250,250
384926,P. Sokolnicki,,616,616
393638,M. Bottegoni,,380,380
385494,A. Castro,1970-12-10,250,250
396811,C. Mouysset,,250,250
384945,R. Di Fiore,,380,380
388406,G. Peretti,,380,380
381861,C. Rocca,,380,380
395090,Ángel Hernández,1985-11-19,724,724
381852,L. Probert,1972-08-13,826,826
384893,T. Chapron,1972-04-23,250,250
385737,C. Kavanagh,,826,826
387280,B. Kempkes,,276,276
378952,A. Taylor,1978-10-20,826,826
563351,J. Martinez Munuera,,724,724
385801,J. Miguelgorry,1976-05-22,250,250
379385,H. Henschel,1972-12-27,276,276
385796,H. Ben El Hadj,1978-05-30,250,250
398952,José Escuela,,724,724
395094,Abraham Domínguez,1986-10-12,724,724
385920,S. Ledger,,826,826
393631,A. Tolfo,,380,380
396642,S. Giovane,1977-11-03,380,380
420952,B. Dechepy,,250,250
385529,J. Brisard,1986-03-24,250,250
393627,N. Pagliardini,,380,380
395363,José Sánchez,1991-07-06,724,724
384988,J. Collin,,826,826
395079,Alfonso Vicente,1983-04-05,724,724
378126,M. Espinosa,1972-05-06,858,858
396641,D. Bindoni,,380,380
395194,Antonio Monter,1987-10-16,724,724
395305,Julio Mena,1985-12-18,724,724
395309,Óscar Martínez,1985-08-05,724,724
396639,S. Bellutti,,380,380
384959,G. Kleve,1976-10-17,276,276
385741,D. Cook,,826,826
379753,K. Haglund,1977-05-27,578,578
385528,F. Letexier,,250,250
385498,A. Perreau Niel,1983-02-15,250,250
377263,F. Maresca,1981-04-12,380,380
84796,S. Gheorghe,1976-03-07,642,642
386030,S. Martin,,826,826
395073,Óscar Herrero,1978-03-20,724,724
385922,D. Eaton,,826,826
395162,Antonio Santos,1980-10-14,724,724
393559,F. Valeriani,,380,380
383899,D. Schlager,1989-12-08,276,276
393594,A. Giua,1988-03-11,380,380
383339,T. Stein,1982-04-21,276,276
384950,B. Duran,1975-09-26,792,792
379749,S. Moen,1979-01-22,578,578
378243,E. Cardozo,,600,600
384942,Marcos Álvarez,,724,724
384909,S. van Roekel,1974-03-28,528,528
384999,A. Marrazzo,,380,380
420829,Alberto Lou,1992-09-22,724,724
395184,David Gálvez,1981-08-25,724,724
395097,Antonio Artacho,1987-03-15,724,724
381840,M. Fritz,1977-10-03,276,276
380884,M. Geiger,1974-08-25,840,840
385792,F. Haquette,1975-08-15,250,250
384888,M. Atkinson,1971-03-31,826,826
378945,D. Siebert,1984-05-04,276,276
395068,Julio Leo,1979-10-16,724,724
377211,P. van Boekel,1975-09-19,528,528
385798,J. Aube,1986-05-08,250,250
420991,G. Opromolla,,380,380
381846,E. Danizan,1979-02-26,250,250
379474,Eduardo Prieto,1981-05-17,724,724
380657,Hassan Suqatari Al Mahri,,784,784
393616,A. Tardino,1984-02-02,380,380
384993,Roberto Díaz,1976-04-29,724,724
395248,Pedro Muñoz,1983-12-13,724,724
395106,Joan Méndez,,724,724
381851,J. Moss,1970-10-18,826,826
384921,D. Skomina,1976-08-05,705,705
386746,D. Robathan,,826,826
377241,M. Guida,1981-06-07,380,380
385001,A. Sidiropoulos,1979-08-09,300,300
395215,Germán Cid,1987-07-17,724,724
385006,D. England,,826,826
385704,K. Friend,1971-07-08,826,826
384350,R. Slysko,1973-08-04,703,703
396660,E. Caliari,,380,380
378151,J. Bascuñán,1978-06-11,152,152
383900,T. Reichel,,276,276
379052,B. Zogaj,1979-09-28,756,756
392689,César García,,724,724
383481,M. Pickel,1975-04-08,276,276
407732,D. Camara,1983-08-20,686,686
385005,G. Beswick,,826,826
393555,Pablo Fernández,1982-07-10,724,724
385962,G. Eltringham,,826,826
385999,R. Ellis,,826,826
396656,A. Santoro,,380,380
384924,Carlos Velasco,1971-03-16,724,724
377268,D. Ghersini,1985-04-09,380,380
385912,S. Attwell,1982-10-06,826,826
387272,R. Kampka,1982-02-21,276,276
395192,Juan Campos,1989-10-16,724,724
420996,José Martínez,,724,724
395342,Carlos Calderiña,,724,724
395298,Juan Peña,1985-04-30,724,724
384947,Raúl Cabañero,,724,724
377270,J. Sacchi,1984-10-13,380,380
395081,Jorge Bueno,,724,724
395238,David Recio,1989-07-29,724,724
377243,A. Di Paolo,1977-10-21,380,380
395064,Ignacio Rubio,,724,724
420618,Pablo Brea,1982-11-11,724,724
384990,B. Madden,,1002,1002
385921,M. Perry,,826,826
398945,Javier Alberola,1991-06-22,724,724
379038,A. Crispo,,380,380
386623,A. Davies,,826,826
380616,J. Saidov,,860,860
395093,Rubén Ávalos,1987-09-12,724,724
377252,M. Fabbri,1983-12-08,380,380
396655,D. Cecconi,,380,380
517393,M. Scatragli,,380,380
383185,V. Kassai,1975-09-10,348,348
395486,Marcos Cerdán,,724,724
384953,R. Buquet,1977-01-29,250,250
378947,S. Luzi,1974-12-18,250,250
419657,M. Sinn,1979-02-02,276,276
393591,G. Luciano,,380,380
378212,E. Cáceres,,600,600
395354,Alejandro Muñiz,1991-05-24,724,724
383889,C. Fischer,1970-08-04,276,276
388411,F. Posado,,380,380
420995,Mario Melero,1979-07-02,724,724
393628,E. Prenna,,380,380
420665,Daniel Palencia,1992-01-30,724,724
385013,J. Praprotnik,,705,705
395062,José González,1974-09-06,724,724
395210,Raúl González,1988-10-11,724,724
388345,R. Landry,,250,250
385509,F. Boudikian,,250,250
383884,M. Borsch,1977-03-16,276,276
385490,M. Lombard,,250,250
396651,S. Giovani,,380,380
393456,S. Longo,,250,250
385547,C. Günsch,,276,276
407737,J. Sikazwe,1979-05-26,894,894
385955,J. Simpson,1975-05-13,826,826
385504,G. Lang,,250,250
395061,José Matías,1973-08-10,724,724
392692,F. Preti,,380,380
381863,J. Wicht,,756,756
384895,F. Cano,1973-07-23,250,250
456280,K. Zitouni,,1012,1012
407722,M. Diedhiou,,686,686
396661,T. Villa,,380,380
384898,F. Brych,1975-08-03,276,276
377257,L. Pairetto,1984-04-14,380,380
384969,Jon Núñez,,724,724
395100,Albert Ávalos,1986-04-22,724,724
384903,D. McGraith,1980-10-12,372,372
420691,Daniel Baiges,1989-11-26,724,724
458045,A. González,,862,862
387277,J. Pfeifer,,276,276
557224,M. Javier,,724,724
386323,M. Berchebru,,250,250
394732,L. Marinelli,1984-11-06,380,380
385497,S. Palhies,1977-11-11,250,250
395163,David Pinto,1981-08-20,724,724
392330,D. Đurđević,1973-03-25,688,688
387274,R. Kempter,1988-03-22,276,276
393618,F. Fiore,1982-11-03,380,380
383887,T. Christ,1976-06-26,276,276
383334,C. Leicher,1978-08-21,276,276
395066,Andoni Huerga,,724,724
384955,N. Danos,,250,250
377232,P. Mazzoleni,1974-06-12,380,380
388914,A. Grare,,250,250
393587,F. Piscopo,1986-11-03,380,380
378144,Emerson De Carvalho,1972-06-24,76,76
384145,M. Torrentera,1971-02-25,484,484
379045,Diego Barbero,,724,724
395088,César Soto,1980-06-17,724,724
395271,Alberto González,1988-07-14,724,724
456340,Mario Díaz,,724,724
377237,R. Pinzani,1978-04-21,380,380
381617,M. Clattenburg,1975-03-13,826,826
420032,A. Chiocchi,,380,380
395318,Sergio Escriche,1989-03-07,724,724
393151,M. McDonough,,826,826
395205,Víctor Rives,1983-04-21,724,724
420994,Manuel Torre,,724,724
385799,B. Jouannaud,,250,250
383492,E. Liberatore,,380,380
460048,Jaime Ruiz,1987-02-22,724,724
387146,B. Steinhaus,1979-03-24,276,276
457643,C. Rossi,,380,380
379752,F. Andås,1975-09-26,578,578
384891,M. Mullarkey,1970-05-03,826,826
396653,A. Di Martino,1987-12-22,380,380
398960,Iván Hernández,,724,724
377258,G. Manganiello,1981-11-28,380,380
379067,T. Mokrusch,,203,203
457938,L. Lanotte,,380,380
385918,A. Halliday,,826,826
379973,C. Ramos,1983-12-15,484,484
385517,G. Pasqualotti,,250,250
381844,G. Debart,,250,250
